{
  "train_loss": [
    0.000988749855052081,
    0.0005708203940802945,
    0.0005689078425497725,
    0.000509310367938732,
    0.0005214418925870307,
    0.0006601626214788755,
    0.0007332873220054753,
    0.0006680776622212939,
    0.0005376938578050013,
    0.0006015563549171695,
    0.0007209553166605845
  ],
  "train_acc": [
    0.9393505043886383,
    0.9726848218639522,
    0.9782606211142265,
    0.9823283021455566,
    0.9829421210227965,
    0.9826397354626356,
    0.9815197183957088,
    0.9825116382725833,
    0.9825173526453737,
    0.9823402070888699,
    0.9833178410337682
  ],
  "val_loss": [
    0.00015075546600102564,
    0.00025345387805447955,
    0.0001686590153753617,
    0.00029327072118604956,
    0.0001788578250508488,
    0.0006205256312752704,
    0.0001450675420470213,
    0.0002694823372389179,
    0.00018122293628437464,
    0.00023600470719751208,
    0.000597748114658756
  ],
  "val_acc": [
    0.9998733324888832,
    0.9999644442074058,
    0.9999644442074058,
    0.9999644442074058,
    0.9999644442074058,
    0.9999644442074058,
    0.9998666657777718,
    0.9999644442074058,
    0.9999711109185172,
    0.9999644442074058,
    0.9999644442074058
  ],
  "learning_rates": [
    0.0001,
    0.0001,
    0.0001,
    0.0001,
    0.0001,
    0.0001,
    0.0001,
    0.0001,
    0.0001,
    0.0001,
    0.0001
  ],
  "epoch_times": [
    229.04197120666504,
    216.06222343444824,
    210.01705622673035,
    208.7257640361786,
    206.52224159240723,
    207.36678266525269,
    206.8012342453003,
    205.9230432510376,
    218.12901163101196,
    218.80543661117554,
    211.8673996925354
  ],
  "total_time": 2339.2799592018127
}