{
  "train_loss": [
    0.00025389161807993024,
    2.503617032206106e-10,
    2.528967468094652e-12,
    9.893825155709991e-13,
    3.05955026353258e-13,
    2.0889739699865957e-13,
    3.9725675470788736e-13,
    1.9493404700002733e-13,
    3.78475330497647e-13,
    4.3393337365497063e-13,
    2.7568546788578914e-13
  ],
  "train_acc": [
    0.9999388834563072,
    1.0,
    1.0,
    1.0,
    1.0,
    1.0,
    1.0,
    1.0,
    1.0,
    1.0,
    1.0
  ],
  "val_loss": [
    2.700697802519923e-12,
    1.02577051234543e-15,
    1.8994819529553228e-16,
    3.121908000315059e-17,
    3.481772132933386e-17,
    3.348055060812457e-17,
    3.727680714115132e-17,
    3.5719485351811384e-17,
    6.968450809733528e-17,
    1.3595472195822892e-15,
    6.308090194611621e-17
  ],
  "val_acc": [
    1.0,
    1.0,
    1.0,
    1.0,
    1.0,
    1.0,
    1.0,
    1.0,
    1.0,
    1.0,
    1.0
  ],
  "learning_rates": [
    0.001,
    0.001,
    0.001,
    0.001,
    0.001,
    0.001,
    0.001,
    0.001,
    0.001,
    0.0005,
    0.0005
  ],
  "epoch_times": [
    100.7254741191864,
    94.15010666847229,
    93.70534610748291,
    93.9417085647583,
    93.01309418678284,
    92.83687615394592,
    95.41040182113647,
    93.91441774368286,
    92.58258128166199,
    87.83303046226501,
    83.56808400154114
  ],
  "total_time": 1021.7048573493958
}