{
  "train_loss": [
    0.0010917922089347706,
    0.0005183696550779043
  ],
  "train_acc": [
    0.9185680259146342,
    0.9706807355182927
  ],
  "val_loss": [
    0.0001344447849380937,
    7.028705150452623e-05
  ],
  "val_acc": [
    0.9999377773629602,
    0.999935555125923
  ],
  "learning_rates": [
    0.001,
    0.001
  ],
  "epoch_times": [
    44.7719292640686,
    42.789064168930054
  ],
  "total_time": 87.57783150672913
}