{
  "train_loss": [
    0.0016531009597541403,
    0.0031836367575554044,
    0.0032993637621560766,
    0.001776453638294915,
    0.0030903420229633307,
    0.0013625227368875112,
    0.001149933570633947,
    0.0012645488060634429,
    0.000850507678403954,
    0.0007618751783897411
  ],
  "train_acc": [
    0.9372066621967573,
    0.9474453896440327,
    0.9377142889796416,
    0.9446053463671827,
    0.9513540206326954,
    0.9493535139583079,
    0.9595217641411679,
    0.9619856112093137,
    0.9776391830732659,
    0.9805301795074972
  ],
  "val_loss": [
    0.0007239995581301289,
    0.0003751661624749171,
    0.0007251725360669855,
    0.0006846440713315904,
    0.0006318650095974336,
    0.0006098497175742573,
    0.0006459456598843952,
    0.0005883791919855832,
    0.0005998836399487184,
    0.00031753627272978325
  ],
  "val_acc": [
    0.9999644442074058,
    0.9998488878814747,
    0.999966666444443,
    0.9999644442074058,
    0.9999644442074058,
    0.999966666444443,
    0.9999644442074058,
    0.9999288884148116,
    0.9999644442074058,
    0.9999755553925915
  ],
  "learning_rates": [
    0.001,
    0.001,
    0.001,
    0.001,
    0.001,
    0.001,
    0.001,
    0.0005,
    0.0005,
    0.0005
  ],
  "epoch_times": [
    236.88443040847778,
    222.535338640213,
    221.73976612091064,
    221.51578545570374,
    219.40992546081543,
    219.01169848442078,
    220.0750458240509,
    259.6238076686859,
    230.89505100250244,
    220.69458413124084
  ],
  "total_time": 2272.403539657593
}