{
  "train_loss": [
    0.0011717490632109707,
    0.0006532639422505049
  ],
  "train_acc": [
    0.9154034870426829,
    0.9562547637195122
  ],
  "val_loss": [
    8.638054787540953e-05,
    7.967835541683151e-05
  ],
  "val_acc": [
    0.9998022209036949,
    0.9999266661777745
  ],
  "learning_rates": [
    0.001,
    0.001
  ],
  "epoch_times": [
    40.606083393096924,
    38.85140919685364
  ],
  "total_time": 79.46843481063843
}