{
  "train_loss": [
    0.0025959747759385443,
    0.010594790362141324,
    0.0036679726211439004,
    0.002584381528474595,
    0.003581807532319618,
    0.0017499321432605786,
    0.00144784629006042,
    0.00164837050287543,
    0.0012882480457040023,
    0.0014937937971247258,
    0.002288799923738421,
    0.003246501531339912,
    0.0017321117796290815,
    0.001651978083268447,
    0.0011675032907778671
  ],
  "train_acc": [
    0.9245969462391808,
    0.9253036236742656,
    0.94169720681458,
    0.940811955229794,
    0.9529811882847739,
    0.9633032503352432,
    0.9662547238815068,
    0.9655228079665976,
    0.9654980456845057,
    0.9674561707606973,
    0.970183355174936,
    0.9754229588260392,
    0.9741696063940022,
    0.9764363076008777,
    0.9743862763623065
  ],
  "val_loss": [
    0.0009187766684496159,
    0.001071885863857731,
    0.0006726651516604019,
    0.00039594114081275335,
    0.0002232212836028784,
    0.0005876407696303599,
    0.00030131531286950523,
    0.0004479171226451094,
    0.001082160763602208,
    0.00033316397916983775,
    0.0006032543099624401,
    0.0007634774761108592,
    0.000679116087107603,
    0.00022618910191970983,
    0.0004874961370292508
  ],
  "val_acc": [
    0.999933332888886,
    0.9999377773629602,
    0.9999577774962944,
    0.9999555552592573,
    0.9999133327555517,
    0.9999644442074058,
    0.9999555552592573,
    0.9999688886814802,
    0.9999644442074058,
    0.999933332888886,
    0.9999644442074058,
    0.9999644442074058,
    0.9999644442074058,
    0.9999133327555517,
    0.999933332888886
  ],
  "learning_rates": [
    0.001,
    0.001,
    0.001,
    0.001,
    0.001,
    0.001,
    0.001,
    0.001,
    0.001,
    0.001,
    0.0005,
    0.0005,
    0.0005,
    0.0005,
    0.0005
  ],
  "epoch_times": [
    233.14955925941467,
    224.58763527870178,
    218.68348479270935,
    218.12206077575684,
    215.61306643486023,
    220.0902237892151,
    217.67381739616394,
    215.42614459991455,
    218.04848051071167,
    219.27589392662048,
    216.6272554397583,
    219.03879618644714,
    218.93585109710693,
    223.7020800113678,
    218.50917601585388
  ],
  "total_time": 3297.507494688034
}