{
  "CNN": {
    "accuracy": 0.9998088880395024,
    "precision": 0.9999822186264333,
    "recall": 0.9998266585774003,
    "f1_score": 0.9999044325516064,
    "roc_auc": 0.9103338272745125,
    "fpr": 0.42105263157894735,
    "fnr": 0.0001733414225997213,
    "confusion_matrix": {
      "tn": 11,
      "fp": 8,
      "fn": 78,
      "tp": 449901
    },
    "total_samples": 449998,
    "total_attacks": 449979,
    "total_normal": 19,
    "inference_time": 147.17125391960144,
    "inference_time_per_sample": 0.32704868448215646
  },
  "LSTM": {
    "accuracy": 0.99990666625185,
    "precision": 0.9999888875800927,
    "recall": 0.9999177739405617,
    "f1_score": 0.9999533294959808,
    "roc_auc": 0.9422929210380695,
    "fpr": 0.2631578947368421,
    "fnr": 8.222605943832935e-05,
    "confusion_matrix": {
      "tn": 14,
      "fp": 5,
      "fn": 37,
      "tp": 449942
    },
    "total_samples": 449998,
    "total_attacks": 449979,
    "total_normal": 19,
    "inference_time": 24.93513298034668,
    "inference_time_per_sample": 0.055411652897005496
  },
  "Hybrid": {
    "accuracy": 0.9999088884839488,
    "precision": 0.9999822204047525,
    "recall": 0.9999266632442847,
    "f1_score": 0.9999544410528339,
    "roc_auc": 0.8902730080620138,
    "fpr": 0.42105263157894735,
    "fnr": 7.333675571526671e-05,
    "confusion_matrix": {
      "tn": 11,
      "fp": 8,
      "fn": 33,
      "tp": 449946
    },
    "total_samples": 449998,
    "total_attacks": 449979,
    "total_normal": 19,
    "inference_time": 53.44569635391235,
    "inference_time_per_sample": 0.11876874198088071
  }
}