{
  "CNN": {
    "accuracy": 0.9999288885728381,
    "precision": 0.9999711093776738,
    "recall": 0.9999577758073155,
    "f1_score": 0.9999644425480471,
    "roc_auc": 0.8730208579324344,
    "fpr": 0.6842105263157895,
    "fnr": 4.2224192684547504e-05,
    "confusion_matrix": {
      "tn": 6,
      "fp": 13,
      "fn": 19,
      "tp": 449960
    },
    "total_samples": 449998,
    "total_attacks": 449979,
    "total_normal": 19,
    "inference_time": 10.712378025054932,
    "inference_time_per_sample": 0.023805390301856744
  },
  "LSTM": {
    "accuracy": 0.9682820812536944,
    "precision": 0.9999862296255835,
    "recall": 0.9682940759457663,
    "f1_score": 0.9838850080783834,
    "roc_auc": 0.8532946742192997,
    "fpr": 0.3157894736842105,
    "fnr": 0.03170592405423364,
    "confusion_matrix": {
      "tn": 13,
      "fp": 6,
      "fn": 14267,
      "tp": 435712
    },
    "total_samples": 449998,
    "total_attacks": 449979,
    "total_normal": 19,
    "inference_time": 9.373642921447754,
    "inference_time_per_sample": 0.020830410182818043
  },
  "Hybrid": {
    "accuracy": 0.9999799999111108,
    "precision": 0.9999911106765219,
    "recall": 0.9999888883703462,
    "f1_score": 0.9999899995221994,
    "roc_auc": 0.9523599990221766,
    "fpr": 0.21052631578947367,
    "fnr": 1.111162965382829e-05,
    "confusion_matrix": {
      "tn": 15,
      "fp": 4,
      "fn": 5,
      "tp": 449974
    },
    "total_samples": 449998,
    "total_attacks": 449979,
    "total_normal": 19,
    "inference_time": 10.376935720443726,
    "inference_time_per_sample": 0.023059959645251146
  }
}