{
  "train_loss": [
    0.0009076355924299332,
    8.421751562957043e-08,
    2.6815321083763433e-09,
    7.872125191813477e-07,
    3.010985484387594e-09,
    2.532569792967611e-10,
    6.569394873836258e-07,
    7.986129856828377e-10,
    1.4160948575216434e-09,
    9.464223118780014e-10,
    6.09054095950789e-07
  ],
  "train_acc": [
    0.9999833318517202,
    1.0,
    1.0,
    1.0,
    1.0,
    1.0,
    1.0,
    1.0,
    1.0,
    1.0,
    1.0
  ],
  "val_loss": [
    2.542770751456938e-16,
    5.425661629535558e-28,
    5.917932431486926e-35,
    1.0626218328432378e-38,
    2.976653904919276e-41,
    4.5450723934976566e-43,
    1.471363387541058e-43,
    3.0828566215145976e-44,
    1.2611686178923354e-44,
    1.401298464324817e-45,
    0.0
  ],
  "val_acc": [
    1.0,
    1.0,
    1.0,
    1.0,
    1.0,
    1.0,
    1.0,
    1.0,
    1.0,
    1.0,
    1.0
  ],
  "learning_rates": [
    0.001,
    0.001,
    0.001,
    0.001,
    0.001,
    0.001,
    0.001,
    0.001,
    0.001,
    0.001,
    0.001
  ],
  "epoch_times": [
    104.19616222381592,
    103.8715124130249,
    105.10154223442078,
    103.40348839759827,
    103.77933621406555,
    104.31255602836609,
    103.41082429885864,
    103.80119204521179,
    103.86731553077698,
    104.03370976448059,
    104.59919357299805
  ],
  "total_time": 1144.4199306964874
}