{
  "train_loss": [
    0.0010050145069870912,
    0.0007219062040908151,
    0.0006284244290585202,
    0.0005780276121225339,
    0.0005023560886616324,
    0.0004943697232111129,
    0.0005942840106085054,
    0.0005808471000686509,
    0.0005925793437801216,
    0.0004167519389305374
  ],
  "train_acc": [
    0.9085419396866999,
    0.9284446239180788,
    0.9573231592100451,
    0.9635684924722663,
    0.9744948494453248,
    0.9774410848165306,
    0.9720467169023528,
    0.9728010141106912,
    0.9745991367487504,
    0.9851154874740948
  ],
  "val_loss": [
    7.083272067832491e-05,
    0.0003660942543224532,
    6.498681976511778e-05,
    0.00020000683002288286,
    0.0001877239658278013,
    7.882383684062052e-05,
    0.00043141955621491424,
    0.0005171052532475271,
    0.00032191558594192094,
    0.00010100487654721289
  ],
  "val_acc": [
    0.9999844443407401,
    0.9999644442074058,
    0.9998733324888832,
    0.9999755553925915,
    0.9999844443407401,
    0.9999866665777772,
    0.9999644442074058,
    0.9999644442074058,
    0.9999644442074058,
    0.9999799998666657
  ],
  "learning_rates": [
    0.001,
    0.001,
    0.001,
    0.001,
    0.001,
    0.001,
    0.001,
    0.001,
    0.0005,
    0.0005
  ],
  "epoch_times": [
    262.0494315624237,
    255.97957682609558,
    253.63608050346375,
    256.02925872802734,
    253.75064277648926,
    255.01446962356567,
    254.94769430160522,
    257.3245813846588,
    253.51955032348633,
    252.03432393074036
  ],
  "total_time": 2554.295614004135
}