{
  "train_loss": [
    0.000806164658405099,
    0.00044796748275577683,
    0.00035763154568162333,
    0.0003224188225662353,
    0.0003175819967027195,
    0.0002718503865440625,
    0.000272833529266776,
    0.0002646565708955894,
    0.00021006523782679133,
    0.00022171947733378184,
    0.00020674724377847624
  ],
  "train_acc": [
    0.957638878306717,
    0.977523943221992,
    0.9836578462147995,
    0.9875198098256736,
    0.9882779166158723,
    0.9909446239180788,
    0.9899755615323662,
    0.9913551063635255,
    0.9932003725771059,
    0.9936751417164452,
    0.9941875304766549
  ],
  "val_loss": [
    9.671920244058055e-05,
    4.724574656459205e-05,
    6.0158075100906514e-05,
    5.9376490123663736e-05,
    6.591433099523816e-05,
    0.00023232625785077763,
    8.693184117987125e-05,
    0.00018712025612914473,
    9.296058921491592e-05,
    0.00028249064978859515,
    0.0003999110597359095
  ],
  "val_acc": [
    0.9999644442074058,
    0.9999755553925915,
    0.9999755553925915,
    0.9999866665777772,
    0.9999866665777772,
    0.9999644442074058,
    0.9999799998666657,
    0.9999644442074058,
    0.9999822221037029,
    0.9999644442074058,
    0.9999644442074058
  ],
  "learning_rates": [
    0.0001,
    0.0001,
    0.0001,
    0.0001,
    0.0001,
    0.0001,
    0.0001,
    5e-05,
    5e-05,
    5e-05,
    5e-05
  ],
  "epoch_times": [
    245.22770142555237,
    242.81335377693176,
    244.92505550384521,
    245.58647537231445,
    240.95122003555298,
    244.859534740448,
    245.03555536270142,
    244.8184781074524,
    246.42412662506104,
    240.9070541858673,
    246.61078071594238
  ],
  "total_time": 2688.166276693344
}