{
  "train_loss": [
    0.0009632835679616576,
    0.0007414538465862941,
    0.0006433620430657803,
    0.0006528167073041605,
    0.0006475547419736414,
    0.0006292597674239846,
    0.0005820406276191245,
    0.0005838194120888737,
    0.0006416595632292644,
    0.0006505260136822756,
    0.0006080255004548964,
    0.0006312425164643821
  ],
  "train_acc": [
    0.9075743058941851,
    0.9366409392905035,
    0.9518483138790687,
    0.9541297772156528,
    0.9564998133304888,
    0.9668171134036329,
    0.9756605814945751,
    0.9754658166219675,
    0.9705066934353286,
    0.9711509889674509,
    0.9746300896013653,
    0.9711281314762892
  ],
  "val_loss": [
    0.00027732469796603736,
    0.00012354758294165166,
    0.0004459197937337735,
    0.00023419062876979568,
    0.0004647056826372541,
    7.73814149374976e-05,
    0.000521047563275162,
    9.724498635274161e-05,
    0.0004115949915718704,
    0.0002734188940073028,
    0.00032952913862139145,
    0.00044737161698099316
  ],
  "val_acc": [
    0.9999644442074058,
    0.9998666657777718,
    0.9999644442074058,
    0.9999688886814802,
    0.9999644442074058,
    0.9999888888148143,
    0.9999644442074058,
    0.9999888888148143,
    0.9994533296888646,
    0.9999644442074058,
    0.9999644442074058,
    0.9999644442074058
  ],
  "learning_rates": [
    0.001,
    0.001,
    0.001,
    0.001,
    0.001,
    0.001,
    0.001,
    0.001,
    0.001,
    0.001,
    0.001,
    0.0005
  ],
  "epoch_times": [
    257.0099928379059,
    261.57449746131897,
    258.4994969367981,
    256.0546438694,
    257.6718313694,
    256.6129937171936,
    256.4576187133789,
    258.7370927333832,
    262.6186201572418,
    258.836874961853,
    265.03257966041565,
    262.2948372364044
  ],
  "total_time": 3111.4125900268555
}