{
  "train_loss": [
    0.0018450466914287443,
    0.0014409716768235394,
    0.0013624110492912133,
    0.0013872906104220187,
    0.0013648584841348783,
    0.0012952434712775514,
    0.001384136075190141,
    0.001398738906789989,
    0.0012774272421205368,
    0.0012480227905002624,
    0.0011991339140635133,
    0.0012203792899388216,
    0.001213860402208557,
    0.0012071091283664128,
    0.0011967726672037144,
    0.0012099532583764961,
    0.0012466732121278938,
    0.0012223028179642757,
    0.001209336914152125,
    0.0012360255955589823,
    0.0011919409401314,
    0.001196003453957105,
    0.0012242215224368448,
    0.0012362938583173006,
    0.001223423644098889,
    0.001210772978973454,
    0.001219953454957101,
    0.0012349039842048204,
    0.0011387972059847759,
    0.0011511520248772182
  ],
  "train_acc": [
    0.9998625666343591,
    0.9998697601163072,
    0.9998697601163072,
    0.9998701387206204,
    0.9998697601163072,
    0.9998697601163072,
    0.9998697601163072,
    0.9998697601163072,
    0.9998697601163072,
    0.9998697601163072,
    0.9998697601163072,
    0.9998697601163072,
    0.9998697601163072,
    0.9998697601163072,
    0.9998697601163072,
    0.9998697601163072,
    0.9998697601163072,
    0.9998697601163072,
    0.9998697601163072,
    0.9998697601163072,
    0.9998697601163072,
    0.9998697601163072,
    0.9998697601163072,
    0.9998697601163072,
    0.9998697601163072,
    0.9998697601163072,
    0.9998697601163072,
    0.9998697601163072,
    0.9998697601163072,
    0.9998697601163072
  ],
  "val_loss": [
    0.020593969668917328,
    0.0033570802007072335,
    0.010353443848929566,
    0.005134047607943178,
    0.005295317013352841,
    0.008431086378433272,
    0.005054178933821303,
    0.008023158301336188,
    0.0016117487278314027,
    0.004179308604362972,
    0.0026691057955865486,
    0.0013073859248178695,
    0.003161056800578508,
    0.0024032653381567434,
    0.0011363554914446618,
    0.0012452463665908894,
    0.0011330977704305724,
    0.0014500958109303701,
    0.0011867003866687267,
    0.0012927589997823031,
    0.0010504448601967784,
    0.0010132048235797855,
    0.001375403657354515,
    0.0012290272109466234,
    0.001022077715597454,
    0.0010822571138518736,
    0.0010581394093414033,
    0.001108964733887349,
    0.0010751004034267788,
    0.001195123474023178
  ],
  "val_acc": [
    0.9998705192858116,
    0.9998705192858116,
    0.9998705192858116,
    0.9998705192858116,
    0.9998705192858116,
    0.9998705192858116,
    0.9998705192858116,
    0.9998705192858116,
    0.9998705192858116,
    0.9998705192858116,
    0.9998705192858116,
    0.9998705192858116,
    0.9998705192858116,
    0.9998705192858116,
    0.9998705192858116,
    0.9998705192858116,
    0.9998705192858116,
    0.9998705192858116,
    0.9998705192858116,
    0.9998705192858116,
    0.9998705192858116,
    0.9998705192858116,
    0.9998705192858116,
    0.9998705192858116,
    0.9998705192858116,
    0.9998705192858116,
    0.9998705192858116,
    0.9998705192858116,
    0.9998705192858116,
    0.9998705192858116
  ],
  "learning_rates": [
    0.001,
    0.001,
    0.001,
    0.001,
    0.001,
    0.001,
    0.001,
    0.0005,
    0.0005,
    0.0005,
    0.0005,
    0.0005,
    0.0005,
    0.0005,
    0.0005,
    0.0005,
    0.0005,
    0.0005,
    0.0005,
    0.0005,
    0.0005,
    0.0005,
    0.0005,
    0.0005,
    0.0005,
    0.0005,
    0.0005,
    0.00025,
    0.00025,
    0.00025
  ],
  "epoch_times": [
    355.844176530838,
    345.0230915546417,
    343.7109968662262,
    345.44288778305054,
    344.58893036842346,
    352.0822455883026,
    360.57702231407166,
    357.17104601860046,
    380.86565017700195,
    353.9532542228699,
    346.41812229156494,
    350.52895188331604,
    339.5072536468506,
    346.5318851470947,
    344.96460032463074,
    339.1858847141266,
    339.38819313049316,
    337.0168933868408,
    338.5323257446289,
    338.8469979763031,
    338.0789728164673,
    337.92612624168396,
    336.54095339775085,
    337.35688495635986,
    341.26031136512756,
    340.3585968017578,
    341.4174258708954,
    338.0427565574646,
    339.5604465007782,
    341.5376055240631
  ],
  "total_time": 10352.349751472473
}