{
  "train_loss": [
    0.0014284894443435036,
    0.0011764302112961303,
    0.0011001207121918086,
    0.000772264713841569,
    0.0011683333157073985,
    0.0008149653592931993,
    0.0010069676781021795,
    0.0011551736729774739,
    0.0011696666178029592,
    0.0005265856102075785
  ],
  "train_acc": [
    0.910155297604535,
    0.9267155499512374,
    0.9309751386687797,
    0.9685471397659393,
    0.9488406490003657,
    0.9708400318481043,
    0.9568179134158235,
    0.9517849795806412,
    0.9429257969645252,
    0.9859193092466171
  ],
  "val_loss": [
    0.0001309546360836799,
    8.649965481247474e-05,
    6.254539867999602e-05,
    0.00012264441573349297,
    0.0002854819554258265,
    0.00019948456440355697,
    0.00010194153097946262,
    0.00010144939808461232,
    7.922046930982512e-05,
    0.00014509708853931397
  ],
  "val_acc": [
    0.9997177758962837,
    0.999933332888886,
    0.9997111091851724,
    0.9999066660444403,
    0.999737776029618,
    0.9997822207703607,
    0.9998622213036976,
    0.9999777776296287,
    0.99954221917035,
    0.9995199967999787
  ],
  "learning_rates": [
    0.001,
    0.001,
    0.001,
    0.001,
    0.001,
    0.001,
    0.001,
    0.001,
    0.0005,
    0.0005
  ],
  "epoch_times": [
    240.82031726837158,
    247.84442710876465,
    248.19881224632263,
    247.06095147132874,
    246.95996356010437,
    248.2464656829834,
    247.54592871665955,
    242.09238362312317,
    251.26284790039062,
    249.4170925617218
  ],
  "total_time": 2469.463102579117
}