{
  "train_loss": [
    0.0011182790752193223,
    0.000506965909415806,
    0.00036606104851219897,
    0.00030840895409276067,
    0.00028269363287915933,
    0.0002616916253513976,
    0.00026139575415577455,
    0.00023392411887201842,
    0.00022498000785144056,
    0.00021313113252755775,
    0.0001921440496891708
  ],
  "train_acc": [
    0.9360033105266365,
    0.9772125099049128,
    0.9865740811288553,
    0.9897550819822016,
    0.9915541570157259,
    0.9924270274594661,
    0.991420345452883,
    0.9929398924174083,
    0.9937218090942338,
    0.9940594332866025,
    0.994848492929416
  ],
  "val_loss": [
    8.854870162737964e-05,
    6.16741953696567e-05,
    4.443808210421688e-05,
    4.245228992585493e-05,
    3.921352346915442e-05,
    3.916394864861465e-05,
    3.8747491331706135e-05,
    4.227322311088692e-05,
    3.520372845141602e-05,
    4.0139958080415137e-05,
    4.098655181273575e-05
  ],
  "val_acc": [
    0.9997577761629522,
    0.9998288877481405,
    0.9999155549925889,
    0.999933332888886,
    0.9999444440740716,
    0.9999599997333316,
    0.9998111098518434,
    0.9994422185036789,
    0.9999711109185172,
    0.9999155549925889,
    0.9999311106518488
  ],
  "learning_rates": [
    0.0001,
    0.0001,
    0.0001,
    0.0001,
    0.0001,
    0.0001,
    0.0001,
    0.0001,
    0.0001,
    0.0001,
    0.0001
  ],
  "epoch_times": [
    232.7642011642456,
    236.49108052253723,
    248.1034083366394,
    235.7619330883026,
    234.15013337135315,
    233.34245944023132,
    232.98469257354736,
    235.36120009422302,
    232.92677640914917,
    232.5256109237671,
    236.0336012840271
  ],
  "total_time": 2590.469382047653
}