{
  "train_loss": [
    0.0013764066998063103,
    0.0010691330357031263,
    0.0011550200714717954,
    0.0008752336821890366,
    0.0007765760864612486,
    0.0006817445108278912,
    0.0008348208525081793,
    0.0007988769588310224,
    0.0005915801405440541,
    0.0007319387235285657,
    0.0007592691418395894
  ],
  "train_acc": [
    0.9074419229245398,
    0.9318351517737413,
    0.9277093746190418,
    0.9419572107765452,
    0.9510873499024747,
    0.9632227729184445,
    0.9664409171949286,
    0.9597565296233086,
    0.9700066858161648,
    0.9528426147446056,
    0.9564660032914787
  ],
  "val_loss": [
    7.774604178035558e-05,
    4.4455444777889175e-05,
    0.00018566556389962508,
    0.0001104612247767782,
    6.0035569001053906e-05,
    4.433164978865486e-05,
    0.00020238746843623042,
    0.00010117134226747512,
    8.478956430966161e-05,
    8.368045055531487e-05,
    0.000650691692320646
  ],
  "val_acc": [
    0.9997955541925835,
    0.999444440740716,
    0.9997733318222122,
    0.9999222217037003,
    0.999966666444443,
    0.9992644395407081,
    0.9763353977915409,
    0.999591108385167,
    0.9999599997333316,
    0.9995533303555357,
    0.888072587150581
  ],
  "learning_rates": [
    0.001,
    0.001,
    0.001,
    0.001,
    0.001,
    0.001,
    0.001,
    0.001,
    0.001,
    0.001,
    0.001
  ],
  "epoch_times": [
    258.5199007987976,
    248.2874720096588,
    248.68552255630493,
    247.10486435890198,
    247.61636209487915,
    248.39049196243286,
    246.94293546676636,
    249.3018364906311,
    247.8585033416748,
    248.14761018753052,
    248.3245406150818
  ],
  "total_time": 2739.189083337784
}