{
  "train_loss": [
    0.0013260334206020034
  ],
  "train_acc": [
    0.9053442719127148
  ],
  "val_loss": [
    0.000249060804073925
  ],
  "val_acc": [
    0.999935555125923
  ],
  "learning_rates": [
    0.001
  ],
  "epoch_times": [
    251.68728685379028
  ],
  "total_time": 251.6974105834961
}