{
  "train_loss": [
    0.0008664700521502037,
    0.0005930372288429317,
    0.0005484870674560492
  ],
  "train_acc": [
    0.9499030461416554,
    0.973029589022309,
    0.977807757070584
  ],
  "val_loss": [
    0.0001346422834954206,
    0.0003580453104252193,
    0.00048156933030359594
  ],
  "val_acc": [
    0.9999599997333316,
    0.9999644442074058,
    0.9999644442074058
  ],
  "learning_rates": [
    0.001,
    0.001,
    0.001
  ],
  "epoch_times": [
    356.58144640922546,
    363.9854235649109,
    359.30481219291687
  ],
  "total_time": 1079.8908505439758
}