{
  "models": {
    "CNN": {
      "n_params": 168321,
      "best_val_loss": 0.00031753627272978325,
      "best_val_acc": 0.9999755553925915,
      "best_epoch": 10,
      "training_time": 2272.4048161506653
    },
    "Hybrid": {
      "n_params": 113089,
      "best_val_loss": 6.498681976511778e-05,
      "best_val_acc": 0.9998733324888832,
      "best_epoch": 3,
      "training_time": 2554.299247980118
    },
    "LSTM": {
      "n_params": 130305,
      "best_val_loss": 6.254539867999602e-05,
      "best_val_acc": 0.9997111091851724,
      "best_epoch": 3,
      "training_time": 2469.467232465744
    }
  },
  "total_time": 7298.141253232956,
  "device": "cuda",
  "epochs": 10,
  "class_weights_used": true
}