{
  "models": {
    "CNN": {
      "n_params": 168321,
      "best_val_loss": 0.0002232212836028784,
      "best_val_acc": 0.9999133327555517,
      "best_epoch": 5,
      "training_time": 3297.5101823806763
    },
    "Hybrid": {
      "n_params": 113089,
      "best_val_loss": 7.73814149374976e-05,
      "best_val_acc": 0.9999888888148143,
      "best_epoch": 6,
      "training_time": 3111.414388656616
    },
    "LSTM": {
      "n_params": 130305,
      "best_val_loss": 4.433164978865486e-05,
      "best_val_acc": 0.9992644395407081,
      "best_epoch": 6,
      "training_time": 2739.1906023025513
    }
  },
  "total_time": 9150.197919368744,
  "device": "cuda",
  "epochs": 15,
  "class_weights_used": true
}