{
  "models": {
    "CNN": {
      "n_params": 168321,
      "best_val_loss": 7.028705150452623e-05,
      "best_val_acc": 0.999935555125923,
      "best_epoch": 2,
      "training_time": 87.58121180534363
    }
  },
  "total_time": 89.55005836486816,
  "device": "cuda",
  "epochs": 2,
  "class_weights_used": true
}